2018-06-25 00:00:00,1,1
2018-06-29 00:00:00,0.9999,0.9999
2018-06-30 00:00:00,0.9998,0.9998
2018-07-06 00:00:00,0.999,0.999
2018-07-13 00:00:00,1.0007,1.0007
2018-07-20 00:00:00,1.0013,1.0013
2018-07-27 00:00:00,1.0038,1.0038
2018-08-02 00:00:00,0.9959,0.9959
2018-08-03 00:00:00,0.9868,0.9868
2018-08-06 00:00:00,0.9874,0.9874
2018-08-07 00:00:00,0.9941,0.9941
2018-08-08 00:00:00,0.9855,0.9855
2018-08-09 00:00:00,0.9952,0.9952
2018-08-10 00:00:00,1.0003,1.0003
2018-08-13 00:00:00,1.0053,1.0053
2018-08-14 00:00:00,1.0016,1.0016
2018-08-15 00:00:00,0.9929,0.9929
2018-08-16 00:00:00,0.9902,0.9902
2018-08-17 00:00:00,0.9816,0.9816
2018-08-20 00:00:00,0.9884,0.9884
2018-08-21 00:00:00,0.9985,0.9985
2018-08-22 00:00:00,0.9932,0.9932
2018-08-23 00:00:00,0.999,0.999
2018-08-24 00:00:00,0.9965,0.9965
2018-08-27 00:00:00,1.0112,1.0112
2018-08-28 00:00:00,1.0128,1.0128
2018-08-29 00:00:00,1.0079,1.0079
2018-08-30 00:00:00,1.0024,1.0024
2018-08-31 00:00:00,0.9952,0.9952
2018-09-03 00:00:00,0.9937,0.9937
2018-09-04 00:00:00,1.0048,1.0048
2018-09-05 00:00:00,1.0015,1.0015
2018-09-06 00:00:00,0.9999,0.9999
2018-09-07 00:00:00,0.9997,0.9997
2018-09-10 00:00:00,0.9914,0.9914
2018-09-11 00:00:00,0.9913,0.9913
2018-09-12 00:00:00,0.981,0.981
2018-09-13 00:00:00,0.982,0.982
2018-09-14 00:00:00,0.9775,0.9775
2018-09-17 00:00:00,0.971,0.971
2018-09-18 00:00:00,0.9811,0.9811
2018-09-19 00:00:00,0.9879,0.9879
2018-09-20 00:00:00,0.9863,0.9863
2018-09-21 00:00:00,1.001,1.001
2018-09-25 00:00:00,0.9994,0.9994
2018-09-26 00:00:00,1.0053,1.0053
2018-09-27 00:00:00,1.0022,1.0022
2018-09-28 00:00:00,1.0088,1.0088
2018-10-08 00:00:00,0.9805,0.9805
2018-10-09 00:00:00,0.9725,0.9725
2018-10-10 00:00:00,0.9699,0.9699
2018-10-11 00:00:00,0.9433,0.9433
2018-10-12 00:00:00,0.9528,0.9528
2018-10-15 00:00:00,0.9486,0.9486
2018-10-16 00:00:00,0.9367,0.9367
2018-10-17 00:00:00,0.9385,0.9385
2018-10-18 00:00:00,0.9254,0.9254
2018-10-19 00:00:00,0.9438,0.9438
2018-10-22 00:00:00,0.981,0.981
2018-10-23 00:00:00,0.9584,0.9584
2018-10-24 00:00:00,0.9518,0.9518
2018-10-25 00:00:00,0.9506,0.9506
2018-10-26 00:00:00,0.9445,0.9445
2018-10-29 00:00:00,0.9246,0.9246
2018-10-30 00:00:00,0.9297,0.9297
2018-10-31 00:00:00,0.9448,0.9448
2018-11-01 00:00:00,0.9551,0.9551
2018-11-02 00:00:00,0.9946,0.9946
2018-11-05 00:00:00,0.9927,0.9927
2018-11-06 00:00:00,0.9916,0.9916
2018-11-07 00:00:00,0.992,0.992
2018-11-08 00:00:00,0.9874,0.9874
2018-11-09 00:00:00,0.9833,0.9833
2018-11-12 00:00:00,0.9956,0.9956
2018-11-13 00:00:00,1.0032,1.0032
2018-11-14 00:00:00,0.9972,0.9972
2018-11-15 00:00:00,1.0019,1.0019
2018-11-16 00:00:00,1.0023,1.0023
2018-11-19 00:00:00,0.9998,0.9998
2018-11-20 00:00:00,0.9804,0.9804
2018-11-21 00:00:00,0.9861,0.9861
2018-11-22 00:00:00,0.9851,0.9851
2018-11-23 00:00:00,0.9664,0.9664
2018-11-26 00:00:00,0.9654,0.9654
2018-11-27 00:00:00,0.9629,0.9629
2018-11-28 00:00:00,0.9734,0.9734
2018-11-29 00:00:00,0.967,0.967
2018-11-30 00:00:00,0.9751,0.9751
2018-12-03 00:00:00,0.9987,0.9987
2018-12-04 00:00:00,1.003,1.003
2018-12-05 00:00:00,1.0081,1.0081
2018-12-06 00:00:00,0.9864,0.9864
2018-12-07 00:00:00,0.9733,0.9733
2018-12-10 00:00:00,0.971,0.971
2018-12-11 00:00:00,0.9785,0.9785
2018-12-12 00:00:00,0.9811,0.9811
2018-12-13 00:00:00,0.9907,0.9907
2018-12-14 00:00:00,0.9705,0.9705
2018-12-17 00:00:00,0.9576,0.9576
2018-12-18 00:00:00,0.9513,0.9513
2018-12-19 00:00:00,0.9388,0.9388
2018-12-20 00:00:00,0.9334,0.9334
2018-12-21 00:00:00,0.9283,0.9283
2018-12-24 00:00:00,0.9367,0.9367
2018-12-25 00:00:00,0.9388,0.9388
2018-12-26 00:00:00,0.9376,0.9376
2018-12-27 00:00:00,0.9319,0.9319
2018-12-28 00:00:00,0.935,0.935
2018-12-31 00:00:00,0.9349,0.9349
2019-01-02 00:00:00,0.9294,0.9294
2019-01-03 00:00:00,0.9269,0.9269
2019-01-04 00:00:00,0.9353,0.9353
2019-01-07 00:00:00,0.9401,0.9401
2019-01-08 00:00:00,0.9346,0.9346
2019-01-09 00:00:00,0.9414,0.9414
2019-01-10 00:00:00,0.9402,0.9402
2019-01-11 00:00:00,0.9439,0.9439
2019-01-14 00:00:00,0.9384,0.9384
2019-01-15 00:00:00,0.9514,0.9514
2019-01-16 00:00:00,0.9525,0.9525
2019-01-17 00:00:00,0.95,0.95
2019-01-18 00:00:00,0.9578,0.9578
2019-01-21 00:00:00,0.9618,0.9618
2019-01-22 00:00:00,0.9531,0.9531
2019-01-23 00:00:00,0.9534,0.9534
2019-01-24 00:00:00,0.9542,0.9542
2019-01-25 00:00:00,0.9569,0.9569
2019-01-28 00:00:00,0.9554,0.9554
2019-01-29 00:00:00,0.9548,0.9548
2019-01-30 00:00:00,0.9491,0.9491
2019-01-31 00:00:00,0.9366,0.9366
2019-02-01 00:00:00,0.9582,0.9582
2019-02-11 00:00:00,0.9749,0.9749
2019-02-12 00:00:00,0.9908,0.9908
2019-02-13 00:00:00,1.0077,1.0077
2019-02-14 00:00:00,1.0116,1.0116
2019-02-15 00:00:00,0.9967,0.9967
2019-02-18 00:00:00,1.0293,1.0293
2019-02-19 00:00:00,1.0222,1.0222
2019-02-20 00:00:00,1.0233,1.0233
2019-02-21 00:00:00,1.0218,1.0218
2019-02-22 00:00:00,1.0364,1.0364
2019-02-25 00:00:00,1.0776,1.0776
2019-02-26 00:00:00,1.0678,1.0678
2019-02-27 00:00:00,1.0625,1.0625
2019-02-28 00:00:00,1.0612,1.0612
2019-03-01 00:00:00,1.0678,1.0678
2019-03-04 00:00:00,1.0895,1.0895
2019-03-05 00:00:00,1.1035,1.1035
2019-03-06 00:00:00,1.1063,1.1063
2019-03-07 00:00:00,1.0864,1.0864
2019-03-08 00:00:00,1.0667,1.0667
2019-03-11 00:00:00,1.0832,1.0832
2019-03-12 00:00:00,1.0908,1.0908
2019-03-13 00:00:00,1.0902,1.0902
2019-03-14 00:00:00,1.0808,1.0808
2019-03-15 00:00:00,1.1013,1.1013
2019-03-18 00:00:00,1.1214,1.1214
2019-03-19 00:00:00,1.1147,1.1147
2019-03-20 00:00:00,1.1109,1.1109
2019-03-21 00:00:00,1.1091,1.1091
2019-03-22 00:00:00,1.1044,1.1044
2019-03-25 00:00:00,1.0915,1.0915
2019-03-26 00:00:00,1.0847,1.0847
2019-03-27 00:00:00,1.0904,1.0904
2019-03-28 00:00:00,1.0844,1.0844
2019-03-29 00:00:00,1.1012,1.1012
2019-04-01 00:00:00,1.1158,1.1158
2019-04-02 00:00:00,1.1178,1.1178
2019-04-03 00:00:00,1.1176,1.1176
2019-04-04 00:00:00,1.1205,1.1205
2019-04-08 00:00:00,1.1215,1.1215
2019-04-09 00:00:00,1.1379,1.1379
2019-04-10 00:00:00,1.1289,1.1289
2019-04-11 00:00:00,1.1111,1.1111
2019-04-12 00:00:00,1.0822,1.0822
2019-04-15 00:00:00,1.0766,1.0766
2019-04-16 00:00:00,1.0972,1.0972
2019-04-17 00:00:00,1.0958,1.0958
2019-04-18 00:00:00,1.0922,1.0922
2019-04-19 00:00:00,1.1108,1.1108
2019-04-22 00:00:00,1.0873,1.0873
2019-04-23 00:00:00,1.0897,1.0897
2019-04-24 00:00:00,1.0804,1.0804
2019-04-25 00:00:00,1.0566,1.0566
2019-04-26 00:00:00,1.0388,1.0388
2019-04-29 00:00:00,1.0378,1.0378
2019-04-30 00:00:00,1.0454,1.0454
2019-05-06 00:00:00,0.9854,0.9854
2019-05-07 00:00:00,0.9979,0.9979
2019-05-08 00:00:00,0.9832,0.9832
2019-05-09 00:00:00,0.9655,0.9655
2019-05-10 00:00:00,0.9966,0.9966
2019-05-13 00:00:00,0.9901,0.9901
2019-05-14 00:00:00,0.9848,0.9848
2019-05-15 00:00:00,1.0028,1.0028
2019-05-16 00:00:00,1.0086,1.0086
2019-05-17 00:00:00,0.9814,0.9814
2019-05-20 00:00:00,0.9695,0.9695
2019-05-21 00:00:00,0.9803,0.9803
2019-05-22 00:00:00,0.9763,0.9763
2019-05-23 00:00:00,0.959,0.959
2019-05-24 00:00:00,0.9589,0.9589
2019-05-27 00:00:00,0.9721,0.9721
2019-05-28 00:00:00,0.9768,0.9768
2019-05-29 00:00:00,0.9738,0.9738
2019-05-30 00:00:00,0.9716,0.9716
2019-05-31 00:00:00,0.9686,0.9686
2019-06-03 00:00:00,0.9674,0.9674
2019-06-04 00:00:00,0.9587,0.9587
2019-06-05 00:00:00,0.964,0.964
2019-06-06 00:00:00,0.9522,0.9522
2019-06-10 00:00:00,0.9639,0.9639
2019-06-11 00:00:00,0.9882,0.9882
2019-06-12 00:00:00,0.9799,0.9799
2019-06-13 00:00:00,0.9802,0.9802
2019-06-14 00:00:00,0.9751,0.9751
2019-06-17 00:00:00,0.9752,0.9752
2019-06-18 00:00:00,0.9737,0.9737
2019-06-19 00:00:00,0.9866,0.9866
2019-06-20 00:00:00,1.0019,1.0019
2019-06-21 00:00:00,1.0116,1.0116
2019-06-24 00:00:00,1.0138,1.0138
2019-06-25 00:00:00,1.0107,1.0107
2019-06-26 00:00:00,1.0129,1.0129
2019-06-27 00:00:00,1.0234,1.0234
2019-06-28 00:00:00,1.0205,1.0205
2019-06-30 00:00:00,1.0203,1.0203
2019-07-01 00:00:00,1.0475,1.0475
2019-07-02 00:00:00,1.0471,1.0471
2019-07-03 00:00:00,1.0391,1.0391
2019-07-04 00:00:00,1.0173,1.0173
2019-07-05 00:00:00,1.0209,1.0209
2019-07-08 00:00:00,0.9944,0.9944
2019-07-09 00:00:00,1.0021,1.0021
2019-07-10 00:00:00,1.0015,1.0015
2019-07-11 00:00:00,0.9975,0.9975
2019-07-12 00:00:00,1.002,1.002
2019-07-15 00:00:00,1.006,1.006
2019-07-16 00:00:00,1.0062,1.0062
2019-07-17 00:00:00,1.0083,1.0083
2019-07-18 00:00:00,0.999,0.999
2019-07-19 00:00:00,1.009,1.009
2019-07-22 00:00:00,1.0222,1.0222
2019-07-23 00:00:00,1.0231,1.0231
2019-07-24 00:00:00,1.0294,1.0294
2019-07-25 00:00:00,1.0331,1.0331
2019-07-26 00:00:00,1.0366,1.0366
2019-07-29 00:00:00,1.0346,1.0346
2019-07-30 00:00:00,1.0425,1.0425
2019-07-31 00:00:00,1.0305,1.0305
2019-08-01 00:00:00,1.023,1.023
2019-08-02 00:00:00,1.013,1.013
2019-08-05 00:00:00,0.9956,0.9956
2019-08-06 00:00:00,0.9881,0.9881
2019-08-07 00:00:00,0.9909,0.9909
2019-08-08 00:00:00,1.0044,1.0044
2019-08-09 00:00:00,0.9957,0.9957
2019-08-12 00:00:00,1.0194,1.0194
2019-08-13 00:00:00,1.009,1.009
2019-08-14 00:00:00,1.0074,1.0074
2019-08-15 00:00:00,1.0171,1.0171
2019-08-16 00:00:00,1.0219,1.0219
2019-08-19 00:00:00,1.0543,1.0543
2019-08-20 00:00:00,1.0523,1.0523
2019-08-21 00:00:00,1.057,1.057
2019-08-22 00:00:00,1.0529,1.0529
2019-08-23 00:00:00,1.0573,1.0573
2019-08-26 00:00:00,1.0467,1.0467
2019-08-27 00:00:00,1.0647,1.0647
2019-08-28 00:00:00,1.0714,1.0714
2019-08-29 00:00:00,1.0659,1.0659
2019-08-30 00:00:00,1.0572,1.0572
2019-09-02 00:00:00,1.0834,1.0834
2019-09-03 00:00:00,1.0964,1.0964
2019-09-04 00:00:00,1.0942,1.0942
2019-09-05 00:00:00,1.0955,1.0955
2019-09-06 00:00:00,1.0949,1.0949
2019-09-09 00:00:00,1.1121,1.1121
2019-09-10 00:00:00,1.1071,1.1071
2019-09-11 00:00:00,1.0954,1.0954
2019-09-12 00:00:00,1.1079,1.1079
2019-09-16 00:00:00,1.1173,1.1173
2019-09-17 00:00:00,1.0991,1.0991
2019-09-18 00:00:00,1.1081,1.1081
2019-09-19 00:00:00,1.1222,1.1222
2019-09-20 00:00:00,1.1343,1.1343
2019-09-23 00:00:00,1.1318,1.1318
2019-09-24 00:00:00,1.1349,1.1349
2019-09-25 00:00:00,1.149,1.149
2019-09-26 00:00:00,1.1109,1.1109
2019-09-27 00:00:00,1.1059,1.1059
2019-09-30 00:00:00,1.1048,1.1048
2019-10-08 00:00:00,1.0916,1.0916
2019-10-09 00:00:00,1.1109,1.1109
2019-10-10 00:00:00,1.1365,1.1365
2019-10-11 00:00:00,1.1449,1.1449
2019-10-14 00:00:00,1.1507,1.1507
2019-10-15 00:00:00,1.1435,1.1435
2019-10-16 00:00:00,1.1364,1.1364
2019-10-17 00:00:00,1.1441,1.1441
2019-10-18 00:00:00,1.1247,1.1247
2019-10-21 00:00:00,1.1131,1.1131
2019-10-22 00:00:00,1.1224,1.1224
2019-10-23 00:00:00,1.1086,1.1086
2019-10-24 00:00:00,1.1033,1.1033
2019-10-25 00:00:00,1.1204,1.1204
2019-10-28 00:00:00,1.1329,1.1329
2019-10-29 00:00:00,1.1265,1.1265
2019-10-30 00:00:00,1.1131,1.1131
2019-10-31 00:00:00,1.1205,1.1205
2019-11-01 00:00:00,1.1386,1.1386
2019-11-04 00:00:00,1.1529,1.1529
2019-11-05 00:00:00,1.1568,1.1568
2019-11-06 00:00:00,1.1407,1.1407
2019-11-07 00:00:00,1.1432,1.1432
2019-11-08 00:00:00,1.1442,1.1442
2019-11-11 00:00:00,1.1233,1.1233
2019-11-12 00:00:00,1.1251,1.1251
2019-11-13 00:00:00,1.1465,1.1465
2019-11-14 00:00:00,1.1649,1.1649
2019-11-15 00:00:00,1.1499,1.1499
2019-11-18 00:00:00,1.1559,1.1559
2019-11-19 00:00:00,1.18,1.18
2019-11-20 00:00:00,1.1702,1.1702
2019-11-21 00:00:00,1.1619,1.1619
2019-11-22 00:00:00,1.1441,1.1441
2019-11-25 00:00:00,1.1521,1.1521
2019-11-26 00:00:00,1.147,1.147
2019-11-27 00:00:00,1.1417,1.1417
2019-11-28 00:00:00,1.1385,1.1385
2019-11-29 00:00:00,1.1283,1.1283
2019-12-02 00:00:00,1.1315,1.1315
2019-12-03 00:00:00,1.1395,1.1395
2019-12-04 00:00:00,1.1388,1.1388
2019-12-05 00:00:00,1.1536,1.1536
2019-12-06 00:00:00,1.1662,1.1662
2019-12-09 00:00:00,1.1616,1.1616
2019-12-10 00:00:00,1.1669,1.1669
2019-12-11 00:00:00,1.156,1.156
2019-12-12 00:00:00,1.1522,1.1522
2019-12-13 00:00:00,1.184,1.184
2019-12-16 00:00:00,1.2038,1.2038
2019-12-17 00:00:00,1.2226,1.2226
2019-12-18 00:00:00,1.2236,1.2236
2019-12-19 00:00:00,1.225,1.225
2019-12-20 00:00:00,1.2228,1.2228
2019-12-23 00:00:00,1.2085,1.2085
2019-12-24 00:00:00,1.2188,1.2188
2019-12-25 00:00:00,1.224,1.224
2019-12-26 00:00:00,1.2362,1.2362
2019-12-27 00:00:00,1.2215,1.2215
2019-12-30 00:00:00,1.2365,1.2365
2019-12-31 00:00:00,1.2477,1.2477
2020-01-02 00:00:00,1.2707,1.2707
2020-01-03 00:00:00,1.2803,1.2803
2020-01-06 00:00:00,1.2771,1.2771
2020-01-07 00:00:00,1.2911,1.2911
2020-01-08 00:00:00,1.272,1.272
2020-01-09 00:00:00,1.2917,1.2917
2020-01-10 00:00:00,1.2897,1.2897
2020-01-13 00:00:00,1.3333,1.3333
2020-01-14 00:00:00,1.3141,1.3141
2020-01-15 00:00:00,1.3115,1.3115
2020-01-16 00:00:00,1.3153,1.3153
2020-01-17 00:00:00,1.3327,1.3327
2020-01-20 00:00:00,1.34,1.34
2020-01-21 00:00:00,1.326,1.326
2020-01-22 00:00:00,1.351,1.351
2020-01-23 00:00:00,1.309,1.309
2020-02-03 00:00:00,1.2071,1.2071
2020-02-04 00:00:00,1.2638,1.2638
2020-02-05 00:00:00,1.2986,1.2986
2020-02-06 00:00:00,1.3482,1.3482
2020-02-07 00:00:00,1.3599,1.3599
2020-02-10 00:00:00,1.3611,1.3611
2020-02-11 00:00:00,1.3546,1.3546
2020-02-12 00:00:00,1.3646,1.3646
2020-02-13 00:00:00,1.3525,1.3525
2020-02-14 00:00:00,1.3612,1.3612
2020-02-17 00:00:00,1.3752,1.3752
2020-02-18 00:00:00,1.3931,1.3931
2020-02-19 00:00:00,1.3714,1.3714
2020-02-20 00:00:00,1.3845,1.3845
2020-02-21 00:00:00,1.3944,1.3944
2020-02-24 00:00:00,1.4055,1.4055
2020-02-25 00:00:00,1.4174,1.4174
2020-02-26 00:00:00,1.378,1.378
2020-02-27 00:00:00,1.3758,1.3758
2020-02-28 00:00:00,1.3077,1.3077
2020-03-02 00:00:00,1.3405,1.3405
2020-03-03 00:00:00,1.3603,1.3603
2020-03-04 00:00:00,1.3585,1.3585
2020-03-05 00:00:00,1.3489,1.3489
2020-03-06 00:00:00,1.3357,1.3357
2020-03-09 00:00:00,1.2698,1.2698
2020-03-10 00:00:00,1.3174,1.3174
2020-03-11 00:00:00,1.2958,1.2958
2020-03-12 00:00:00,1.2752,1.2752
2020-03-13 00:00:00,1.2873,1.2873
2020-03-16 00:00:00,1.2152,1.2152
2020-03-17 00:00:00,1.2268,1.2268
2020-03-18 00:00:00,1.2047,1.2047
2020-03-19 00:00:00,1.2191,1.2191
2020-03-20 00:00:00,1.2195,1.2195
2020-03-23 00:00:00,1.1537,1.1537
2020-03-24 00:00:00,1.1675,1.1675
2020-03-25 00:00:00,1.1949,1.1949
2020-03-26 00:00:00,1.1862,1.1862
2020-03-27 00:00:00,1.1731,1.1731
2020-03-30 00:00:00,1.1352,1.1352
2020-03-31 00:00:00,1.1327,1.1327
2020-04-01 00:00:00,1.1356,1.1356
2020-04-02 00:00:00,1.1693,1.1693
2020-04-03 00:00:00,1.1524,1.1524
2020-04-07 00:00:00,1.1839,1.1839
2020-04-08 00:00:00,1.1736,1.1736
2020-04-09 00:00:00,1.1832,1.1832
2020-04-10 00:00:00,1.1453,1.1453
2020-04-13 00:00:00,1.1317,1.1317
2020-04-14 00:00:00,1.1766,1.1766
2020-04-15 00:00:00,1.1686,1.1686
2020-04-16 00:00:00,1.1796,1.1796
2020-04-17 00:00:00,1.1836,1.1836
2020-04-20 00:00:00,1.2103,1.2103
2020-04-21 00:00:00,1.2212,1.2212
2020-04-22 00:00:00,1.222,1.222
2020-04-23 00:00:00,1.2064,1.2064
2020-04-24 00:00:00,1.187,1.187
2020-04-27 00:00:00,1.1826,1.1826
2020-04-28 00:00:00,1.1861,1.1861
2020-04-29 00:00:00,1.1932,1.1932
2020-04-30 00:00:00,1.2342,1.2342
2020-05-06 00:00:00,1.2722,1.2722
2020-05-07 00:00:00,1.2693,1.2693
2020-05-08 00:00:00,1.2913,1.2913
2020-05-11 00:00:00,1.2865,1.2865
2020-05-12 00:00:00,1.2873,1.2873
2020-05-13 00:00:00,1.2953,1.2953
2020-05-14 00:00:00,1.2896,1.2896
2020-05-15 00:00:00,1.3067,1.3067
2020-05-18 00:00:00,1.2842,1.2842
2020-05-19 00:00:00,1.3176,1.3176
2020-05-20 00:00:00,1.2881,1.2881
2020-05-21 00:00:00,1.2732,1.2732
2020-05-22 00:00:00,1.246,1.246
2020-05-25 00:00:00,1.2326,1.2326
2020-05-26 00:00:00,1.2655,1.2655
2020-05-27 00:00:00,1.244,1.244
2020-05-28 00:00:00,1.2401,1.2401
2020-05-29 00:00:00,1.2356,1.2356
2020-06-01 00:00:00,1.2842,1.2842
2020-06-02 00:00:00,1.2907,1.2907
2020-06-03 00:00:00,1.2926,1.2926
2020-06-04 00:00:00,1.2882,1.2882
2020-06-05 00:00:00,1.2945,1.2945
2020-06-08 00:00:00,1.2848,1.2848
2020-06-09 00:00:00,1.2857,1.2857
2020-06-10 00:00:00,1.2872,1.2872
2020-06-11 00:00:00,1.3052,1.3052
2020-06-12 00:00:00,1.3033,1.3033
2020-06-15 00:00:00,1.2812,1.2812
2020-06-16 00:00:00,1.3083,1.3083
2020-06-17 00:00:00,1.301,1.301
2020-06-18 00:00:00,1.3069,1.3069
2020-06-19 00:00:00,1.3144,1.3144
2020-06-22 00:00:00,1.3304,1.3304
2020-06-23 00:00:00,1.3379,1.3379
2020-06-24 00:00:00,1.3467,1.3467
2020-06-29 00:00:00,1.3477,1.3477
2020-06-30 00:00:00,1.3782,1.3782
2020-07-01 00:00:00,1.3858,1.3858
2020-07-02 00:00:00,1.4014,1.4014
2020-07-03 00:00:00,1.4215,1.4215
2020-07-06 00:00:00,1.492,1.492
2020-07-07 00:00:00,1.5615,1.5615
2020-07-08 00:00:00,1.6066,1.6066
2020-07-09 00:00:00,1.6697,1.6697
2020-07-10 00:00:00,1.6626,1.6626
2020-07-13 00:00:00,1.695,1.695
2020-07-14 00:00:00,1.6585,1.6585
2020-07-15 00:00:00,1.6049,1.6049
2020-07-16 00:00:00,1.5391,1.5391
2020-07-17 00:00:00,1.5347,1.5347
2020-07-20 00:00:00,1.5691,1.5691
2020-07-21 00:00:00,1.5763,1.5763
2020-07-22 00:00:00,1.6018,1.6018
2020-07-23 00:00:00,1.5776,1.5776
2020-07-24 00:00:00,1.4803,1.4803
2020-07-27 00:00:00,1.4838,1.4838
2020-07-28 00:00:00,1.4938,1.4938
2020-07-29 00:00:00,1.5512,1.5512
2020-07-30 00:00:00,1.5275,1.5275
2020-07-31 00:00:00,1.5473,1.5473
2020-08-03 00:00:00,1.6038,1.6038
2020-08-04 00:00:00,1.5691,1.5691
2020-08-05 00:00:00,1.5908,1.5908
2020-08-06 00:00:00,1.6021,1.6021
2020-08-07 00:00:00,1.5952,1.5952
2020-08-10 00:00:00,1.5983,1.5983
2020-08-11 00:00:00,1.5388,1.5388
2020-08-12 00:00:00,1.5245,1.5245
2020-08-13 00:00:00,1.5248,1.5248
2020-08-14 00:00:00,1.546,1.546
2020-08-17 00:00:00,1.5726,1.5726
2020-08-18 00:00:00,1.5751,1.5751
2020-08-19 00:00:00,1.5213,1.5213
2020-08-20 00:00:00,1.5115,1.5115
2020-08-21 00:00:00,1.5171,1.5171
2020-08-24 00:00:00,1.5304,1.5304
2020-08-25 00:00:00,1.518,1.518
2020-08-26 00:00:00,1.4651,1.4651
2020-08-27 00:00:00,1.4771,1.4771
2020-08-28 00:00:00,1.4972,1.4972
2020-08-31 00:00:00,1.4837,1.4837
2020-09-01 00:00:00,1.485,1.485
2020-09-02 00:00:00,1.5021,1.5021
2020-09-03 00:00:00,1.4748,1.4748
2020-09-04 00:00:00,1.4677,1.4677
2020-09-07 00:00:00,1.4236,1.4236
2020-09-08 00:00:00,1.4262,1.4262
2020-09-09 00:00:00,1.3778,1.3778
2020-09-10 00:00:00,1.3559,1.3559
2020-09-11 00:00:00,1.3728,1.3728
2020-09-14 00:00:00,1.3803,1.3803
2020-09-15 00:00:00,1.3975,1.3975
2020-09-16 00:00:00,1.3787,1.3787
2020-09-17 00:00:00,1.3866,1.3866
2020-09-18 00:00:00,1.4055,1.4055
2020-09-21 00:00:00,1.3949,1.3949
2020-09-22 00:00:00,1.382,1.382
2020-09-23 00:00:00,1.3905,1.3905
2020-09-24 00:00:00,1.3553,1.3553
2020-09-25 00:00:00,1.3606,1.3606
2020-09-28 00:00:00,1.3561,1.3561
2020-09-29 00:00:00,1.3672,1.3672
2020-09-30 00:00:00,1.3652,1.3652
2020-10-09 00:00:00,1.418,1.418
2020-10-12 00:00:00,1.4751,1.4751
2020-10-13 00:00:00,1.4668,1.4668
2020-10-14 00:00:00,1.4595,1.4595
2020-10-15 00:00:00,1.4564,1.4564
2020-10-16 00:00:00,1.4551,1.4551
2020-10-19 00:00:00,1.453,1.453
2020-10-20 00:00:00,1.4753,1.4753
2020-10-21 00:00:00,1.4848,1.4848
2020-10-22 00:00:00,1.4799,1.4799
2020-10-23 00:00:00,1.4689,1.4689
2020-10-26 00:00:00,1.4672,1.4672
2020-10-27 00:00:00,1.4795,1.4795
2020-10-28 00:00:00,1.5084,1.5084
2020-10-29 00:00:00,1.5342,1.5342
2020-10-30 00:00:00,1.4931,1.4931
2020-11-02 00:00:00,1.5124,1.5124
2020-11-03 00:00:00,1.5329,1.5329
2020-11-04 00:00:00,1.5472,1.5472
2020-11-05 00:00:00,1.5711,1.5711
2020-11-06 00:00:00,1.5705,1.5705
2020-11-09 00:00:00,1.5841,1.5841
2020-11-10 00:00:00,1.5827,1.5827
2020-11-11 00:00:00,1.5669,1.5669
2020-11-12 00:00:00,1.5688,1.5688
2020-11-13 00:00:00,1.55,1.55
2020-11-16 00:00:00,1.5582,1.5582
2020-11-17 00:00:00,1.5619,1.5619
2020-11-18 00:00:00,1.5606,1.5606
2020-11-19 00:00:00,1.5806,1.5806
2020-11-20 00:00:00,1.5908,1.5908
2020-11-23 00:00:00,1.5985,1.5985
2020-11-24 00:00:00,1.5848,1.5848
2020-11-25 00:00:00,1.5567,1.5567
2020-11-26 00:00:00,1.5486,1.5486
2020-11-27 00:00:00,1.5617,1.5617
2020-11-30 00:00:00,1.5506,1.5506
2020-12-01 00:00:00,1.5782,1.5782
2020-12-02 00:00:00,1.5818,1.5818
2020-12-03 00:00:00,1.5882,1.5882
2020-12-04 00:00:00,1.6019,1.6019
2020-12-07 00:00:00,1.5982,1.5982
2020-12-08 00:00:00,1.5944,1.5944
2020-12-09 00:00:00,1.5745,1.5745
2020-12-10 00:00:00,1.5798,1.5798
2020-12-11 00:00:00,1.5482,1.5482
2020-12-14 00:00:00,1.5668,1.5668
2020-12-15 00:00:00,1.577,1.577
2020-12-16 00:00:00,1.5836,1.5836
2020-12-17 00:00:00,1.5915,1.5915
2020-12-18 00:00:00,1.5803,1.5803
2020-12-21 00:00:00,1.5739,1.5739
2020-12-22 00:00:00,1.5372,1.5372
2020-12-23 00:00:00,1.5439,1.5439
2020-12-24 00:00:00,1.5431,1.5431
2020-12-25 00:00:00,1.5443,1.5443
2020-12-28 00:00:00,1.5446,1.5446
2020-12-29 00:00:00,1.542,1.542
2020-12-30 00:00:00,1.5575,1.5575
2020-12-31 00:00:00,1.5898,1.5898
2021-01-04 00:00:00,1.6066,1.6066
2021-01-05 00:00:00,1.6489,1.6489
2021-01-06 00:00:00,1.6663,1.6663
2021-01-07 00:00:00,1.6747,1.6747
2021-01-08 00:00:00,1.6678,1.6678
2021-01-11 00:00:00,1.6738,1.6738
2021-01-12 00:00:00,1.7241,1.7241
2021-01-13 00:00:00,1.7223,1.7223
2021-01-14 00:00:00,1.7032,1.7032
2021-01-15 00:00:00,1.6847,1.6847
2021-01-18 00:00:00,1.7251,1.7251
2021-01-19 00:00:00,1.6946,1.6946
2021-01-20 00:00:00,1.7104,1.7104
2021-01-21 00:00:00,1.7339,1.7339
2021-01-22 00:00:00,1.7349,1.7349
2021-01-25 00:00:00,1.7869,1.7869
2021-01-26 00:00:00,1.7457,1.7457
2021-01-27 00:00:00,1.7409,1.7409
2021-01-28 00:00:00,1.6985,1.6985
2021-01-29 00:00:00,1.7041,1.7041
2021-02-01 00:00:00,1.723,1.723
2021-02-02 00:00:00,1.789,1.789
2021-02-03 00:00:00,1.8057,1.8057
2021-02-04 00:00:00,1.8333,1.8333
2021-02-05 00:00:00,1.8388,1.8388
2021-02-08 00:00:00,1.864,1.864
2021-02-09 00:00:00,1.9196,1.9196
2021-02-10 00:00:00,1.9514,1.9514
2021-02-18 00:00:00,1.9041,1.9041
2021-02-19 00:00:00,1.8992,1.8992
2021-02-22 00:00:00,1.8023,1.8023
2021-02-23 00:00:00,1.7897,1.7897
2021-02-24 00:00:00,1.7212,1.7212
2021-02-25 00:00:00,1.7111,1.7111
2021-02-26 00:00:00,1.6697,1.6697
2021-03-01 00:00:00,1.6919,1.6919
2021-03-02 00:00:00,1.6742,1.6742
2021-03-03 00:00:00,1.6944,1.6944
2021-03-04 00:00:00,1.6242,1.6242
2021-03-05 00:00:00,1.6437,1.6437
2021-03-08 00:00:00,1.5626,1.5626
2021-03-09 00:00:00,1.5264,1.5264
2021-03-10 00:00:00,1.5548,1.5548
2021-03-11 00:00:00,1.5961,1.5961
2021-03-12 00:00:00,1.599,1.599
2021-03-15 00:00:00,1.5559,1.5559
2021-03-16 00:00:00,1.5857,1.5857
2021-03-17 00:00:00,1.6178,1.6178
2021-03-18 00:00:00,1.6633,1.6633
2021-03-19 00:00:00,1.6252,1.6252
2021-03-22 00:00:00,1.6299,1.6299
2021-03-23 00:00:00,1.6384,1.6384
2021-03-24 00:00:00,1.6191,1.6191
2021-03-25 00:00:00,1.6205,1.6205
2021-03-26 00:00:00,1.6608,1.6608
2021-03-29 00:00:00,1.6774,1.6774
2021-03-30 00:00:00,1.7005,1.7005
2021-03-31 00:00:00,1.6777,1.6777
2021-04-01 00:00:00,1.707,1.707
2021-04-02 00:00:00,1.7365,1.7365
2021-04-06 00:00:00,1.7241,1.7241
2021-04-07 00:00:00,1.6999,1.6999
2021-04-08 00:00:00,1.7273,1.7273
2021-04-09 00:00:00,1.7002,1.7002
2021-04-12 00:00:00,1.6697,1.6697
2021-04-13 00:00:00,1.6757,1.6757
2021-04-14 00:00:00,1.707,1.707
2021-04-15 00:00:00,1.6929,1.6929
2021-04-16 00:00:00,1.708,1.708
